"path","category","bytes","sha256"
".gitattributes","repository_metadata","159","70d08f9b2d40c16dd399df09dbb7e0db00a2af36d54afeda2ed0c00353934aae"
".gitignore","repository_metadata","383","31a7f8c58bb546317458ba71a8988a2ec2cb6e1d1e00ba19b18fac6dc89258b2"
"configs/multimodal/default.json","configuration","322","f2da849fb3d15859d8719cbff6d1c2a91ba07834acfcee23b0cbace893efa09f"
"configs/multimodal/deployment.json","configuration","321","8a8f13ac46a292863c5466c75cac5e85fddb33847bbd1f8cfcbfe925dcd21778"
"docs/DATA_LAYOUT.md","documentation","2225","61a5f6466480d9b32d6530bf4b234e7406e61c5b25f6599ce26fe2af32f81769"
"environment.yml","repository_metadata","115","77314f11d5614932fc0e5fe75d7bdaa3139490c2cfcdacebe81a797cc163bf62"
"LICENSE","repository_metadata","35823","230184f60bae2feaf244f10a8bac053c8ff33a183bcc365b4d8b876d2b7f4809"
"pyproject.toml","repository_metadata","1134","d7198e9660d25213c2ba015f3a6cdf5db3d1f4cbe6d9c21c3015c9f433218f50"
"README.md","documentation","6492","6b7b2991141ac0a47d1a700a16c636a746523e030ccde654529b2cd553f677e8"
"requirements.txt","repository_metadata","215","1b2693bfa8c4c872b24d52949ebe6997c190d5a9c801408ec40c98280ab6b327"
"scripts/audit_label_provenance.py","script","10946","a5cd169a479381cd078d5b95671a6b5888c814a3bbb9424c6d7a6cf1c2b8259f"
"scripts/build_homology_clusters.ps1","script","4321","a53ee659e283c32644140c17d43836ec4e42c40bfc0dcaf24579a64d4394d681"
"scripts/evaluate_modality_pu_ranking.py","script","6698","84acd0d9d5a622062b09fd45248d10e881a47dcea4133a3a6a6990bf23e7773c"
"scripts/export_client_balanced_top10.py","script","7708","2697881f26e455b30db0ceb605332b02dba24f94e1f735a9a8ababc747d80fef"
"scripts/export_full_triple_zero_candidates.py","script","5988","230385e65cc043f69bf3ed76b5eb7579648c01fedb60af7034f97a5672e3aab3"
"scripts/generate_heldout_validation.py","script","951","b2da02fd8f66572764c67fb5366f88c66f1698f02fe461d01f991afa06984e3b"
"scripts/run_modality_ablations.py","script","2054","9a6c50a7678bf4240082583476166d9a940c1e6f85a773e8bf80f4cec7783563"
"scripts/run_pipeline.ps1","script","1227","ca8ca09efc41c23450058d21ae62f235f073e416a669ed0eec0ef383dfa101be"
"scripts/run_pipeline.sh","script","787","93c97dc744c05b3a9512ef716c78d76dfef9b92914b0a63225832feca95f49b8"
"scripts/run_subgroup_analysis.py","script","3586","826c31c4ee5d9e7c1e0a8afc69609da4d7f6508a2f6ff360f0f406aca80dbd2f"
"src/__init__.py","source_code","31","05620e2620d41443adecab01430bbe076f370fb0e05eb779f8e3b7f7525488dd"
"src/multimodal/__init__.py","source_code","23","41362a5ea4931c546433d4c48290c5707bf02dbbea1c3aafa9f43d1225e47003"
"src/multimodal/baselines.py","source_code","6586","6fd655a9855be33feb334c4768ab7d4691280b1adc80f9e9c7fb44221e8c4297"
"src/multimodal/client_ranking.py","source_code","2773","b2a95b46f8c73e434f0da8c69974ad1a247a9f00282a6170f6f1dbd858118324"
"src/multimodal/config.py","source_code","2113","2435910068f3e4d85fd30f2c415d5768b0c19caf9afc429a1a19a8f510fecc6c"
"src/multimodal/data.py","source_code","13765","72acb09b46c7b023761add6147587448cd1333d238651776054a2c4210532824"
"src/multimodal/data_contracts.py","source_code","2541","ba5ed0714ae7a0d59e5bd12a0bbf901d58271e4bbbc554a51a32e107b2d3b168"
"src/multimodal/export_candidates.py","source_code","1815","6f355377689b51c4e084afcad6bf4c16bb46b718e21de31f5373934fd458b0d1"
"src/multimodal/export_triple_zero_candidates.py","source_code","6544","8f67fc36379d662c728d240551df4f7a9c19ff99f42774476747b4d6ff998a27"
"src/multimodal/features/__init__.py","source_code","64","22eea08bf1b6faa3c4b5a04ffd1cb368bb23b4fc07827d88190e66116b899a2f"
"src/multimodal/features/network.py","source_code","22363","9a41ecdfb7dfaa876ac96b216d4e2d7414a9b0b956bb29ff8dca5a9928d9df64"
"src/multimodal/features/proteomics.py","source_code","16179","7454c6f0b88d63b5deefefb770a580c7ddffbe253cbcb5815c56b66f791ecadd"
"src/multimodal/features/sequence.py","source_code","5599","99aad804d544a2eda106eab9db561ddbf187d5d0ae589947335015982181f7a1"
"src/multimodal/features/structure.py","source_code","19512","293a8252000b20d6487dfa9f35327a5d222bf10833952e99528fab5c00397dbb"
"src/multimodal/final_comparison.py","source_code","2897","b123be0ebb41c91f74933d7af0c2f4875777e7008070acc81ea87ce9ca3c9bdb"
"src/multimodal/hidden_positive_recovery.py","source_code","7722","0b4247f9209ade721567e49850b64abefef81e357192d28c09a6e82db7343bec"
"src/multimodal/labels.py","source_code","5847","ed5f6474f1d5741639bef31780a9fcb669817465f8528a1757f7e0ecd61124ea"
"src/multimodal/network_evidence.py","source_code","3624","90046bfe88f7949c676c8e8eac3a1af66c33baa4e66812f699071b65a185d52e"
"src/multimodal/phosmmpu_model.py","source_code","8646","91b9945a5818a7301df8324e11a344430af4470d04fa27090f3116b46a5deb6d"
"src/multimodal/pu_evaluation.py","source_code","13532","5129597d5fadb894cd0c4f0fd871f5426ecbf0b01b948d9074768309696c903d"
"src/multimodal/pu_experiment_splits.py","source_code","5294","ac0c4d3640b286c31f3182d7aebf29731c47d48b89c768ba939ca7cda6dd5739"
"src/multimodal/pu_ranking_metrics.py","source_code","2133","d52c14b3a1acc0d9d6ec5e103749fb1a8f6d5323fa1e21822be65c8f9521d69c"
"src/multimodal/recompute_unified_reports.py","source_code","7697","fd634968005ff76900d44a02fef5387036f278f8852f575cbecade7a8db3368e"
"src/multimodal/relation_graph.py","source_code","5743","12cc9b9e18df96776476600e891732304d77e8f41c98afe6d0a4c8fbc49ff239"
"src/multimodal/result_validation.py","source_code","14569","28124454976a3e2e7c5779df97865b8a658d045860d3765579099caaeba3441d"
"src/multimodal/run_baseline_comparison.py","source_code","5922","1a4c53dd0bc7c2168e96b887014389ab03af158c1b425bfdf5d81d1a52951dc3"
"src/multimodal/run_hidden_positive_recovery.py","source_code","11110","3b5873b603aeed01c7ed0f26d69677097100866fd7d39933d5cbc6e22562533a"
"src/multimodal/run_lightgbm_comparison.py","source_code","5973","bec89634ffd212d884c20522582903a17468e71d737e5a764081340d3573cb19"
"src/multimodal/run_model_ablation.py","source_code","4988","e69ff72b8e2033de8222986f09196f356fcbcbd4ee451fb7a354a2edd740da2f"
"src/multimodal/run_network_sensitivity.py","source_code","8873","6a5cbaac5b2437fee21e97eead97a67740195407757dda71b0852e7914372a9f"
"src/multimodal/run_nnpu_prior_sensitivity.py","source_code","4453","57d7844902ddcd554d74b474b5d1d79c60560e616778c7a6678fbf52a85f5f38"
"src/multimodal/sequence_baselines.py","source_code","6662","84028b67520863609e518b66547d3411974ee654533aa6df405c8173d5556751"
"src/multimodal/sequence_enhanced.py","source_code","7780","99ee007ed48a752f61a001423e45cf3304a9d71d3db05b9d1db87a68754556d5"
"src/multimodal/site_index.py","source_code","5651","e245c747d4810afcdad287a239aa9e23f9cf8def1bf07ead1611fb9f9046480b"
"src/multimodal/splits.py","source_code","7248","72a2dcd7ed9e54ceb3912f00846c34f7dafd87cd16525441cf6600092dfff2ba"
"src/multimodal/structure_graph.py","source_code","11045","46f92e9864853c5b66f003c40e16583a29bf9345d17975a9f81f2c8dd3228182"
"src/multimodal/subgroup_analysis.py","source_code","22794","aae61eadbebd87831e5217c00364bebf03ccf3c884e56043690c5cee3a21d327"
"src/multimodal/summarize_runs.py","source_code","3727","0d2cbe39b0170ae0c78905c55e1f09c1eedfab0c86aff88627984517a11b5037"
"src/multimodal/torch_gvp.py","source_code","3765","10f572e249c65aa0ce1c0699bfcb41112e91c6b91c11409e4d57bc1912acb909"
"src/multimodal/torch_losses.py","source_code","2675","f9630ebbae4c18b8a226e443b9b792828154e06205f638949eb371cb1c9783eb"
"src/multimodal/torch_model.py","source_code","4700","2d173bcd05f250a43d27384d281617233f9e67546d12e31dd73f23aef5778b81"
"src/multimodal/torch_relation_graph.py","source_code","4833","63be97ea82cad837b80a2cd45a1b60759b197a22e359e9a99b0dc4a6e7ddff99"
"src/multimodal/train.py","source_code","23155","d9fc4294ff9ec5449513ca1ba51b37d23038782fa2c81f67db9e547225befb34"
